id,nome,telefone,tipo_telefone,leva_origem,instagram,email,status_email,canal_planejado,enviado,data_envio,resultado
1,"Estúdio Green - Aulas de música",+55 48 99971-5393,celular,L1,,,"pendente","email","nao",,
2,"Fazendo Arte Escola de Música",+55 48 99200-1916,celular,L1,,,"pendente","email","nao",,
3,"Escola de Música Clave de Sol",+55 48 98445-9027,celular,L1,,,"pendente","email","nao",,
4,"G.Borges Escola de Mùsica",+55 48 99115-6118,celular,L1,,,"pendente","email","nao",,
5,"Aulas de Guitarra e Violão Wslley Risso",+55 48 99998-5084,celular,L1,,,"pendente","email","nao",,
6,"TERENCE MARTINELLI",+55 48 99931-1850,celular,L1,,,"pendente","email","nao",,
7,"GB ACADEMIA DE MÚSICA",+55 11 96336-5793,celular,L2,,,"pendente","email","nao",,
8,"Soul Rec",+55 11 93029-9467,celular,L2,,,"pendente","email","nao",,
9,"Performance Escola de Música",+55 11 95137-6020,celular,L2,,,"pendente","email","nao",,
10,"Escola de Música Compasso Musical",+55 11 95684-5385,celular,L2,,,"pendente","email","nao",,
11,"EECM Cursos musicais",+55 11 99489-7455,celular,L2,,,"pendente","email","nao",,
12,"Escola de música IMDS",+55 11 99913-4898,celular,L2,,,"pendente","email","nao",,
13,"Centro Cultural Ad Libitum",+55 11 99796-0910,celular,L2,,,"pendente","email","nao",,
14,"Academia Musical - Do Quarto aos Palcos",+55 11 99829-7681,celular,L2,,,"pendente","email","nao",,
15,"Soul Academy Of Music",+55 11 99193-9877,celular,L2,,,"pendente","email","nao",,
16,"Scala Centro Musical",+55 11 96338-7632,celular,L2,,,"pendente","email","nao",,
17,"G.Borges Escola de Música",+55 11 97892-3853,celular,L2,,,"pendente","email","nao",,
18,"Conservatório Musical Mozart",+55 11 95226-2195,celular,L2,,,"pendente","email","nao",,
19,"Escolas de Música - Jeziel Lee",+55 11 93486-8471,celular,L2,,,"pendente","email","nao",,
20,"Escola de Música Carlos Aleixo",+55 11 99691-5000,celular,L2,,,"pendente","email","nao",,
21,"Espaço Musical Mike Souza",+55 11 96016-5444,celular,L2,,,"pendente","email","nao",,
22,"Escola Fábrica da Música",+55 11 96764-4363,celular,L2,,,"pendente","email","nao",,
23,"A Clave Escola de Artes Cristã",+55 11 92165-4107,celular,L3,,,"pendente","email","nao",,
24,"Conservatório Musical Franz Liszt",+55 11 94884-3836,celular,L3,,,"pendente","email","nao",,
25,"Escola de Música Som de Cristal",+55 11 98010-2082,celular,L3,,,"pendente","email","nao",,
26,"Made In Brazil Escola de Música em São Mateus - ZL/SP",+55 11 97033-8685,celular,L4,,,"pendente","email","nao",,
27,"AF MUSIC - AULAS DE GUITARRA E VIOLÃO",+55 11 97819-5881,celular,L4,,,"pendente","email","nao",,
28,"IP&T Giba Favery",+55 11 94454-0293,celular,L4,,,"pendente","email","nao",,
29,"Estúdio Bemol Music",+55 11 91752-3184,celular,L4,,,"pendente","email","nao",,
30,"Instituto de Música VMusic & Luthieria",+55 11 96522-8646,celular,L4,,,"pendente","email","nao",,
31,"Núcleo Musical MG",+55 11 93290-1104,celular,L4,,,"pendente","email","nao",,
32,"Escola de Música Vila Ema",+55 11 98708-5396,celular,L4,,,"pendente","email","nao",,
33,"Escola de Música - Matsunaga Music",+55 11 98164-5836,celular,L4,,,"pendente","email","nao",,
34,"Instituto de Música Maxwell - Escola de Música Zona Leste de SP ", São Mateus,+55 11 94749-5159|celular,L4,,,"pendente","email","nao",,
35,"Br San Music School - Ipiranga/SP",+55 11 94350-8880,celular,L4,,,"pendente","email","nao",,
36,"Instituto Musical D.Cesars Escola de Música",+55 11 96935-9511,celular,L4,,,"pendente","email","nao",,
37,"Escola de musica na Vila Mariana",+55 11 93025-2748,celular,L4,,,"pendente","email","nao",,
38,"Escola de Música China D' Castro",+55 11 98199-0641,celular,L4,,,"pendente","email","nao",,
39,"Tenor Ensino de Música",+55 11 98034-1775,celular,L4,,,"pendente","email","nao",,
40,"Instituto de Bateria Moisés Cardoso",+55 11 98156-7697,celular,L4,,,"pendente","email","nao",,
41,"Hadassa Sounds",+55 11 96353-4369,celular,L4,,,"pendente","email","nao",,
42,"Mellody Música e Arte",+55 11 93734-0639,celular,L4,,,"pendente","email","nao",,
43,"Centro Ministerial de Música",+55 21 98336-2876,celular,L4,,,"pendente","email","nao",,
44,"Pianeiros - Escola de Piano e Teclas",+55 11 98805-9459,celular,L4,,,"pendente","email","nao",,
45,"ESCOLA DE MÚSICA MULTI ARTES",+55 11 94241-7151,celular,L4,,,"pendente","email","nao",,
46,"Aulas de Guitarra e Violão - EMFZ - Escola de Música Felipe Zaneripe",+55 11 98840-1023,celular,L4,,,"pendente","email","nao",,
47,"Duo Music Studio",+55 11 93737-4093,celular,L4,,,"pendente","email","nao",,
48,"Star Music - Escola de Música",+55 11 94838-7713,celular,L4,,,"pendente","email","nao",,
49,"Escola de Musica Feller",+55 11 95794-9875,celular,L4,,,"pendente","email","nao",,
50,"Escola de Música Sbrana",+55 11 98895-3385,celular,L4,,,"pendente","email","nao",,
51,"Escola de música Soul Vencedor",+55 11 96718-7704,celular,L4,,,"pendente","email","nao",,
52,"Curimba do Mestre - Mestre Muma",+55 11 99350-0229,celular,L4,,,"pendente","email","nao",,
53,"Conservatório Musical Brooklin Paulista",+55 11 97448-8343,celular,L4,,,"pendente","email","nao",,
54,"Raízes do Som - Escola de Música",+55 11 91263-9702,celular,L4,,,"pendente","email","nao",,
55,"Groove Music",+55 11 95556-0229,celular,L4,,,"pendente","email","nao",,
56,"Oreste Sinatra Conserv Dramatico Musical",+55 11 2297-0529,fixo,L4,,,"pendente","email","nao",,
57,"High Music - Academia Livre de Ensino Musical e Artístico",+55 11 3423-3680,fixo,L4,,,"pendente","email","nao",,
58,"Art & Music - Escola de Música",+55 11 3943-4703,fixo,L4,,,"pendente","email","nao",,
59,"Escola de Musica CEM Carlos Gomes",+55 11 2950-6011,fixo,L4,,,"pendente","email","nao",,
60,"El Elyon Instituto de Música",+55 11 2367-0185,fixo,L4,,,"pendente","email","nao",,
61,"Espaço Ruby Ananda",+55 11 3751-0231,fixo,L4,,,"pendente","email","nao",,
62,"Tony Music / Loja e Escola de Música",+55 11 4171-2815,fixo,L4,,,"pendente","email","nao",,
63,"LB Music Escola de Música",+55 11 5812-8330,fixo,L4,,,"pendente","email","nao",,
64,"EMBS - Escola de Música Bom Sucesso",+55 11 5524-3370,fixo,L4,,,"pendente","email","nao",,
